method,avg
PGFPlotsEdt-deploy,0.6981601432847828
PGFPlotsEdt,0.7784030871970631
LaTeXOnline,1.97887559323296
