method,avg_time
ppedt,0.7784030871970631
ppedt_deploy,0.6981601432847828
laton,1.97887559323296
